Article,Category
DeFi continues to disrupt traditional financial systems,Crypto
Financial sector stocks gain as interest rates rise,Stocks
Foreign exchange markets experience increased volatility,Others
Ethereum staking rewards increase as network upgrades,Crypto
Retail stocks climb as consumer spending increases,Stocks
Foreign exchange markets experience increased volatility,Others
Ripple wins partial victory in ongoing SEC lawsuit,Crypto
Stock market volatility increases amid geopolitical tensions,Stocks
Gold prices fluctuate as investors seek safe-haven assets,Others
Bitcoin hits all-time high as institutional investors pour in,Crypto
Banking stocks benefit from higher interest rates,Stocks
Federal budget deficit shrinks as tax revenues increase,Others
Blockchain innovations transforming supply chain management,Crypto
Real estate stocks surge as housing demand grows,Stocks
Foreign exchange markets experience increased volatility,Others
Central banks explore launching their own digital currencies,Crypto
Banking stocks benefit from higher interest rates,Stocks
Financial markets brace for potential interest rate hikes,Others
Cryptocurrency adoption rises in emerging markets,Crypto
Tesla stock soars following strong earnings report,Stocks
Emerging markets see increased investment from global funds,Others
Central banks explore launching their own digital currencies,Crypto
Airline stocks recover as travel restrictions ease,Stocks
Government debt levels reach new highs amid pandemic spending,Others
Central banks explore launching their own digital currencies,Crypto
"Tesla announces new vehicle production plans, boosting stock price",Stocks
Government debt levels reach new highs amid pandemic spending,Others
Bitcoin mining becomes more energy-efficient with new technology,Crypto
Airline stocks recover as travel restrictions ease,Stocks
Commodities market sees volatility amid geopolitical unrest,Others
Ethereum smart contracts fuel new decentralized apps,Crypto
Energy stocks boost S&P 500 with strong quarterly results,Stocks
Global trade tensions continue to affect financial markets,Others
Ethereum smart contracts fuel new decentralized apps,Crypto
Automotive stocks climb as electric vehicle demand grows,Stocks
Gold prices fluctuate as investors seek safe-haven assets,Others
Crypto investors eye next big altcoin boom,Crypto
Tesla stock soars following strong earnings report,Stocks
Government debt levels reach new highs amid pandemic spending,Others
Stablecoins face regulatory scrutiny as popularity grows,Crypto
Tech stocks lead market rally as earnings reports exceed expectations,Stocks
Emerging markets see increased investment from global funds,Others
NFT market cools down after initial frenzy,Crypto
Financial stocks rally as market sentiment improves,Stocks
Gold prices fluctuate as investors seek safe-haven assets,Others
Bitcoin ETFs attract new wave of retail investors,Crypto
Retail stocks climb as consumer spending increases,Stocks
Bond market sees increased demand as stock market volatility rises,Others
Bitcoin mining becomes more energy-efficient with new technology,Crypto
Financial sector stocks gain as interest rates rise,Stocks
Economic growth forecasts revised downward due to global slowdown,Others
Crypto hedge funds outperform traditional markets,Crypto
Tech stocks face pressure from regulatory concerns,Stocks
International trade deals boost market optimism,Others
Bitcoin whale moves millions in cryptocurrency,Crypto
Real estate stocks surge as housing demand grows,Stocks
Financial markets brace for potential interest rate hikes,Others
Cryptocurrency adoption rises in emerging markets,Crypto
Energy stocks boost S&P 500 with strong quarterly results,Stocks
Global supply chain disruptions impact financial markets,Others
Bitcoin hits all-time high as institutional investors pour in,Crypto
Stock market hits new highs as economic recovery continues,Stocks
Government debt levels reach new highs amid pandemic spending,Others
Ethereum gas fees drop after network upgrade,Crypto
"Tesla announces new vehicle production plans, boosting stock price",Stocks
Investors shift towards ESG-focused portfolios,Others
Institutional investors show renewed interest in crypto assets,Crypto
Energy stocks boost S&P 500 with strong quarterly results,Stocks
Private equity firms raise record funds for new investments,Others
Bitcoin ETFs attract new wave of retail investors,Crypto
"Amazon stock splits, attracting more retail investors",Stocks
International trade deals boost market optimism,Others
Central banks explore launching their own digital currencies,Crypto
Tech stocks remain resilient in face of market downturn,Stocks
Bond market sees increased demand as stock market volatility rises,Others
Crypto hedge funds outperform traditional markets,Crypto
Tesla stock soars following strong earnings report,Stocks
Commodities market sees volatility amid geopolitical unrest,Others
Crypto hedge funds outperform traditional markets,Crypto
Pharmaceutical stocks rise as new drug approvals accelerate,Stocks
Private equity firms raise record funds for new investments,Others
DeFi continues to disrupt traditional financial systems,Crypto
Retail stocks see gains as holiday sales beat expectations,Stocks
Federal budget deficit shrinks as tax revenues increase,Others
Bitcoin whale moves millions in cryptocurrency,Crypto
Tesla stock soars following strong earnings report,Stocks
Commodities market sees volatility amid geopolitical unrest,Others
Bitcoin mining becomes more energy-efficient with new technology,Crypto
Healthcare stocks rebound after sector slump,Stocks
Green energy investments rise as environmental concerns grow,Others
Ethereum smart contracts fuel new decentralized apps,Crypto
Financial stocks rally as market sentiment improves,Stocks
Private equity firms increasingly target tech startups,Others
Bitcoin whale moves millions in cryptocurrency,Crypto
"Amazon stock splits, attracting more retail investors",Stocks
Federal Reserve signals potential interest rate hikes,Others
Bitcoin mining becomes more energy-efficient with new technology,Crypto
Real estate stocks surge as housing demand grows,Stocks
Private equity firms increasingly target tech startups,Others
Central banks explore launching their own digital currencies,Crypto
Stock market hits new highs as economic recovery continues,Stocks
Government debt levels reach new highs amid pandemic spending,Others
Regulatory frameworks for cryptocurrency evolve globally,Crypto
"Tesla announces new vehicle production plans, boosting stock price",Stocks
Housing market cools down as mortgage rates rise,Others
Crypto investors eye next big altcoin boom,Crypto
Tesla stock soars following strong earnings report,Stocks
Federal Reserve signals potential interest rate hikes,Others
Ethereum staking rewards increase as network upgrades,Crypto
Retail stocks see gains as holiday sales beat expectations,Stocks
Federal budget deficit shrinks as tax revenues increase,Others
Institutional investors show renewed interest in crypto assets,Crypto
Oil and gas stocks benefit from rising energy prices,Stocks
Private equity firms increasingly target tech startups,Others
Stablecoins face regulatory scrutiny as popularity grows,Crypto
Energy stocks boost S&P 500 with strong quarterly results,Stocks
Bond market sees increased demand as stock market volatility rises,Others
Ethereum gas fees drop after network upgrade,Crypto
"Amazon stock splits, attracting more retail investors",Stocks
Commodities market sees volatility amid geopolitical unrest,Others
Cryptocurrency adoption rises in emerging markets,Crypto
Banking stocks benefit from higher interest rates,Stocks
Foreign exchange markets experience increased volatility,Others
Bitcoin ETFs attract new wave of retail investors,Crypto
Tesla stock soars following strong earnings report,Stocks
Global trade tensions continue to affect financial markets,Others
Bitcoin mining becomes more energy-efficient with new technology,Crypto
Healthcare stocks rebound after sector slump,Stocks
International trade deals boost market optimism,Others
Bitcoin whale moves millions in cryptocurrency,Crypto
Tech stocks lead market rally as earnings reports exceed expectations,Stocks
Investors shift towards ESG-focused portfolios,Others
DeFi continues to disrupt traditional financial systems,Crypto
"Amazon stock splits, attracting more retail investors",Stocks
Private equity firms increasingly target tech startups,Others
Ethereum smart contracts fuel new decentralized apps,Crypto
Tesla stock soars following strong earnings report,Stocks
Global supply chain disruptions impact financial markets,Others
Institutional investors show renewed interest in crypto assets,Crypto
Stock market hits new highs as economic recovery continues,Stocks
Private equity firms increasingly target tech startups,Others
Decentralized finance (DeFi) platforms surge in popularity,Crypto
Airline stocks recover as travel restrictions ease,Stocks
Foreign exchange markets experience increased volatility,Others
Blockchain innovations transforming supply chain management,Crypto
Tech stocks remain resilient in face of market downturn,Stocks
Private equity firms increasingly target tech startups,Others
Institutional investors show renewed interest in crypto assets,Crypto
Banking stocks benefit from higher interest rates,Stocks
Private equity firms increasingly target tech startups,Others
